cpu_percent,memory_mb
0.3,17.15625
0.0,16.609375
27.5,17.046875
23.8,17.078125
24.3,17.078125
23.6,17.078125
23.9,16.75
23.7,16.734375
23.9,15.859375
23.6,15.84375
22.7,15.78125
23.3,15.796875
23.1,15.8125
23.2,15.8125
22.0,15.46875
22.4,15.46875
23.7,11.578125
22.8,11.578125
23.0,11.578125
22.9,11.5625
22.6,11.5625
23.3,11.59375
0.3,11.578125
0.0,11.578125
0.4,10.453125
